generator,image,message,org_size,out_size,hide_time,reveal_size
fibonacci,Sample-png-image-100kb.png,95359,95357,0.9118833541870117,0.7056291103363037,S
fibonacci,Sample-png-image-100kb.png,95359,95352,0.8977560997009277,0.6919739246368408,Sekret
fibonacci,Sample-png-image-100kb.png,"Bardzo, bardzo duzy sekret. Na prawde dlugi. Dluzszy niz poprzednie.. na pewno",95359,,,
fibonacci,Sample-png-image-100kb.png,"Lorem ipsum dolor sit amet, consectetur adipiscing elit.Morbi accumsan mollis felis id hendrerit.Aenean hendrerit placerat fermentum.Vivamus vel risus euismod, dapibus erat eu, laoreet leo.Vivamus at ipsum a nisi commodo suscipit eu eget neque.Nunc fringilla sagittis blandit.Nunc tincidunt nisl ullamcorper scelerisque accumsan.Phasellus eu arcu ac dolor malesuada imperdiet.Quisque hendrerit tellus nisl, ut mattis tellus pharetra quis.Aliquam ut purus eget sem pulvinar rhoncus eu vitae ex.Sed aliquet leo ut leo facilisis, nec faucibus odio faucibus.Nam vitae augue in lectus venenatis sollicitudin id in velit.",95359,,,
eratosthenes,Sample-png-image-100kb.png,95359,95358,0.8673124313354492,0.7898538112640381,S
eratosthenes,Sample-png-image-100kb.png,95359,95371,0.9028048515319824,0.8713541030883789,Sekret
eratosthenes,Sample-png-image-100kb.png,95359,95401,0.9807968139648438,1.0726070404052734,"Bardzo, bardzo duzy sekret. Na prawde dlugi. Dluzszy niz poprzednie.. na pewno"
eratosthenes,Sample-png-image-100kb.png,95359,95605,1.0369668006896973,0.8660800457000732,"Lorem ipsum dolor sit amet, consectetur adipiscing elit.Morbi accumsan mollis felis id hendrerit.Aenean hendrerit placerat fermentum.Vivamus vel risus euismod, dapibus erat eu, laoreet leo.Vivamus at ipsum a nisi commodo suscipit eu eget neque.Nunc fringilla sagittis blandit.Nunc tincidunt nisl ullamcorper scelerisque accumsan.Phasellus eu arcu ac dolor malesuada imperdiet.Quisque hendrerit tellus nisl, ut mattis tellus pharetra quis.Aliquam ut purus eget sem pulvinar rhoncus eu vitae ex.Sed aliquet leo ut leo facilisis, nec faucibus odio faucibus.Nam vitae augue in lectus venenatis sollicitudin id in velit."
identity,Sample-png-image-100kb.png,95359,95358,0.9939708709716797,0.8752501010894775,S
identity,Sample-png-image-100kb.png,95359,95357,0.8958539962768555,1.3112850189208984,Sekret
identity,Sample-png-image-100kb.png,95359,95390,1.0532019138336182,0.6915583610534668,"Bardzo, bardzo duzy sekret. Na prawde dlugi. Dluzszy niz poprzednie.. na pewno"
identity,Sample-png-image-100kb.png,95359,95506,0.7544896602630615,0.7788810729980469,"Lorem ipsum dolor sit amet, consectetur adipiscing elit.Morbi accumsan mollis felis id hendrerit.Aenean hendrerit placerat fermentum.Vivamus vel risus euismod, dapibus erat eu, laoreet leo.Vivamus at ipsum a nisi commodo suscipit eu eget neque.Nunc fringilla sagittis blandit.Nunc tincidunt nisl ullamcorper scelerisque accumsan.Phasellus eu arcu ac dolor malesuada imperdiet.Quisque hendrerit tellus nisl, ut mattis tellus pharetra quis.Aliquam ut purus eget sem pulvinar rhoncus eu vitae ex.Sed aliquet leo ut leo facilisis, nec faucibus odio faucibus.Nam vitae augue in lectus venenatis sollicitudin id in velit."
triangular_numbers,Sample-png-image-100kb.png,95359,95355,0.7758979797363281,0.7265832424163818,S
triangular_numbers,Sample-png-image-100kb.png,95359,95352,0.8515973091125488,0.7531173229217529,Sekret
triangular_numbers,Sample-png-image-100kb.png,95359,95389,0.8463892936706543,0.7321264743804932,"Bardzo, bardzo duzy sekret. Na prawde dlugi. Dluzszy niz poprzednie.. na pewno"
triangular_numbers,Sample-png-image-100kb.png,"Lorem ipsum dolor sit amet, consectetur adipiscing elit.Morbi accumsan mollis felis id hendrerit.Aenean hendrerit placerat fermentum.Vivamus vel risus euismod, dapibus erat eu, laoreet leo.Vivamus at ipsum a nisi commodo suscipit eu eget neque.Nunc fringilla sagittis blandit.Nunc tincidunt nisl ullamcorper scelerisque accumsan.Phasellus eu arcu ac dolor malesuada imperdiet.Quisque hendrerit tellus nisl, ut mattis tellus pharetra quis.Aliquam ut purus eget sem pulvinar rhoncus eu vitae ex.Sed aliquet leo ut leo facilisis, nec faucibus odio faucibus.Nam vitae augue in lectus venenatis sollicitudin id in velit.",95359,,,
composite,Sample-png-image-100kb.png,95359,95358,0.7982275485992432,0.5911393165588379,S
composite,Sample-png-image-100kb.png,95359,95363,0.8404927253723145,0.745896577835083,Sekret
composite,Sample-png-image-100kb.png,95359,95408,0.7287781238555908,0.760758638381958,"Bardzo, bardzo duzy sekret. Na prawde dlugi. Dluzszy niz poprzednie.. na pewno"
composite,Sample-png-image-100kb.png,95359,95565,0.8411645889282227,0.7686498165130615,"Lorem ipsum dolor sit amet, consectetur adipiscing elit.Morbi accumsan mollis felis id hendrerit.Aenean hendrerit placerat fermentum.Vivamus vel risus euismod, dapibus erat eu, laoreet leo.Vivamus at ipsum a nisi commodo suscipit eu eget neque.Nunc fringilla sagittis blandit.Nunc tincidunt nisl ullamcorper scelerisque accumsan.Phasellus eu arcu ac dolor malesuada imperdiet.Quisque hendrerit tellus nisl, ut mattis tellus pharetra quis.Aliquam ut purus eget sem pulvinar rhoncus eu vitae ex.Sed aliquet leo ut leo facilisis, nec faucibus odio faucibus.Nam vitae augue in lectus venenatis sollicitudin id in velit."
carmichael,Sample-png-image-100kb.png,95359,95358,0.8641867637634277,0.8178408145904541,S
carmichael,Sample-png-image-100kb.png,Sekret,95359,,,
carmichael,Sample-png-image-100kb.png,"Bardzo, bardzo duzy sekret. Na prawde dlugi. Dluzszy niz poprzednie.. na pewno",95359,,,
carmichael,Sample-png-image-100kb.png,"Lorem ipsum dolor sit amet, consectetur adipiscing elit.Morbi accumsan mollis felis id hendrerit.Aenean hendrerit placerat fermentum.Vivamus vel risus euismod, dapibus erat eu, laoreet leo.Vivamus at ipsum a nisi commodo suscipit eu eget neque.Nunc fringilla sagittis blandit.Nunc tincidunt nisl ullamcorper scelerisque accumsan.Phasellus eu arcu ac dolor malesuada imperdiet.Quisque hendrerit tellus nisl, ut mattis tellus pharetra quis.Aliquam ut purus eget sem pulvinar rhoncus eu vitae ex.Sed aliquet leo ut leo facilisis, nec faucibus odio faucibus.Nam vitae augue in lectus venenatis sollicitudin id in velit.",95359,,,
log_gen,Sample-png-image-100kb.png,95359,95356,0.7468180656433105,0.7730138301849365,S
log_gen,Sample-png-image-100kb.png,95359,95364,0.8352382183074951,0.7684824466705322,Sekret
log_gen,Sample-png-image-100kb.png,"Bardzo, bardzo duzy sekret. Na prawde dlugi. Dluzszy niz poprzednie.. na pewno",95359,,,
log_gen,Sample-png-image-100kb.png,"Lorem ipsum dolor sit amet, consectetur adipiscing elit.Morbi accumsan mollis felis id hendrerit.Aenean hendrerit placerat fermentum.Vivamus vel risus euismod, dapibus erat eu, laoreet leo.Vivamus at ipsum a nisi commodo suscipit eu eget neque.Nunc fringilla sagittis blandit.Nunc tincidunt nisl ullamcorper scelerisque accumsan.Phasellus eu arcu ac dolor malesuada imperdiet.Quisque hendrerit tellus nisl, ut mattis tellus pharetra quis.Aliquam ut purus eget sem pulvinar rhoncus eu vitae ex.Sed aliquet leo ut leo facilisis, nec faucibus odio faucibus.Nam vitae augue in lectus venenatis sollicitudin id in velit.",95359,,,
fibonacci,Sample-png-image-1MB.png,966395,966396,1.3179435729980469,0.812610387802124,S
fibonacci,Sample-png-image-1MB.png,966395,966394,1.2919833660125732,0.7755038738250732,Sekret
fibonacci,Sample-png-image-1MB.png,"Bardzo, bardzo duzy sekret. Na prawde dlugi. Dluzszy niz poprzednie.. na pewno",966395,,,
fibonacci,Sample-png-image-1MB.png,"Lorem ipsum dolor sit amet, consectetur adipiscing elit.Morbi accumsan mollis felis id hendrerit.Aenean hendrerit placerat fermentum.Vivamus vel risus euismod, dapibus erat eu, laoreet leo.Vivamus at ipsum a nisi commodo suscipit eu eget neque.Nunc fringilla sagittis blandit.Nunc tincidunt nisl ullamcorper scelerisque accumsan.Phasellus eu arcu ac dolor malesuada imperdiet.Quisque hendrerit tellus nisl, ut mattis tellus pharetra quis.Aliquam ut purus eget sem pulvinar rhoncus eu vitae ex.Sed aliquet leo ut leo facilisis, nec faucibus odio faucibus.Nam vitae augue in lectus venenatis sollicitudin id in velit.",966395,,,
eratosthenes,Sample-png-image-1MB.png,966395,966394,1.2791869640350342,0.7945287227630615,S
eratosthenes,Sample-png-image-1MB.png,966395,966399,1.2956609725952148,0.80216383934021,Sekret
eratosthenes,Sample-png-image-1MB.png,966395,966415,1.2184195518493652,0.6950130462646484,"Bardzo, bardzo duzy sekret. Na prawde dlugi. Dluzszy niz poprzednie.. na pewno"
eratosthenes,Sample-png-image-1MB.png,966395,966496,1.4107825756072998,0.8268630504608154,"Lorem ipsum dolor sit amet, consectetur adipiscing elit.Morbi accumsan mollis felis id hendrerit.Aenean hendrerit placerat fermentum.Vivamus vel risus euismod, dapibus erat eu, laoreet leo.Vivamus at ipsum a nisi commodo suscipit eu eget neque.Nunc fringilla sagittis blandit.Nunc tincidunt nisl ullamcorper scelerisque accumsan.Phasellus eu arcu ac dolor malesuada imperdiet.Quisque hendrerit tellus nisl, ut mattis tellus pharetra quis.Aliquam ut purus eget sem pulvinar rhoncus eu vitae ex.Sed aliquet leo ut leo facilisis, nec faucibus odio faucibus.Nam vitae augue in lectus venenatis sollicitudin id in velit."
identity,Sample-png-image-1MB.png,966395,966394,1.3134312629699707,0.8069970607757568,S
identity,Sample-png-image-1MB.png,966395,966387,1.2141635417938232,0.7981257438659668,Sekret
identity,Sample-png-image-1MB.png,966395,966393,1.4345874786376953,0.8092925548553467,"Bardzo, bardzo duzy sekret. Na prawde dlugi. Dluzszy niz poprzednie.. na pewno"
identity,Sample-png-image-1MB.png,966395,966420,1.3301124572753906,0.7893927097320557,"Lorem ipsum dolor sit amet, consectetur adipiscing elit.Morbi accumsan mollis felis id hendrerit.Aenean hendrerit placerat fermentum.Vivamus vel risus euismod, dapibus erat eu, laoreet leo.Vivamus at ipsum a nisi commodo suscipit eu eget neque.Nunc fringilla sagittis blandit.Nunc tincidunt nisl ullamcorper scelerisque accumsan.Phasellus eu arcu ac dolor malesuada imperdiet.Quisque hendrerit tellus nisl, ut mattis tellus pharetra quis.Aliquam ut purus eget sem pulvinar rhoncus eu vitae ex.Sed aliquet leo ut leo facilisis, nec faucibus odio faucibus.Nam vitae augue in lectus venenatis sollicitudin id in velit."
triangular_numbers,Sample-png-image-1MB.png,966395,966395,1.1268925666809082,0.7912502288818359,S
triangular_numbers,Sample-png-image-1MB.png,966395,966398,1.2629740238189697,0.7877330780029297,Sekret
triangular_numbers,Sample-png-image-1MB.png,966395,966422,1.2655980587005615,0.7982146739959717,"Bardzo, bardzo duzy sekret. Na prawde dlugi. Dluzszy niz poprzednie.. na pewno"
triangular_numbers,Sample-png-image-1MB.png,"Lorem ipsum dolor sit amet, consectetur adipiscing elit.Morbi accumsan mollis felis id hendrerit.Aenean hendrerit placerat fermentum.Vivamus vel risus euismod, dapibus erat eu, laoreet leo.Vivamus at ipsum a nisi commodo suscipit eu eget neque.Nunc fringilla sagittis blandit.Nunc tincidunt nisl ullamcorper scelerisque accumsan.Phasellus eu arcu ac dolor malesuada imperdiet.Quisque hendrerit tellus nisl, ut mattis tellus pharetra quis.Aliquam ut purus eget sem pulvinar rhoncus eu vitae ex.Sed aliquet leo ut leo facilisis, nec faucibus odio faucibus.Nam vitae augue in lectus venenatis sollicitudin id in velit.",966395,,,
composite,Sample-png-image-1MB.png,966395,966394,1.2632765769958496,0.8087630271911621,S
composite,Sample-png-image-1MB.png,966395,966396,1.2339215278625488,0.7817502021789551,Sekret
composite,Sample-png-image-1MB.png,966395,966411,1.207216739654541,0.6870951652526855,"Bardzo, bardzo duzy sekret. Na prawde dlugi. Dluzszy niz poprzednie.. na pewno"
composite,Sample-png-image-1MB.png,966395,966411,1.2997422218322754,0.8099415302276611,"Lorem ipsum dolor sit amet, consectetur adipiscing elit.Morbi accumsan mollis felis id hendrerit.Aenean hendrerit placerat fermentum.Vivamus vel risus euismod, dapibus erat eu, laoreet leo.Vivamus at ipsum a nisi commodo suscipit eu eget neque.Nunc fringilla sagittis blandit.Nunc tincidunt nisl ullamcorper scelerisque accumsan.Phasellus eu arcu ac dolor malesuada imperdiet.Quisque hendrerit tellus nisl, ut mattis tellus pharetra quis.Aliquam ut purus eget sem pulvinar rhoncus eu vitae ex.Sed aliquet leo ut leo facilisis, nec faucibus odio faucibus.Nam vitae augue in lectus venenatis sollicitudin id in velit."
carmichael,Sample-png-image-1MB.png,966395,966391,1.3089268207550049,0.8922958374023438,S
carmichael,Sample-png-image-1MB.png,966395,966387,3.961657762527466,3.452718734741211,Sekret
carmichael,Sample-png-image-1MB.png,"Bardzo, bardzo duzy sekret. Na prawde dlugi. Dluzszy niz poprzednie.. na pewno",966395,,,
carmichael,Sample-png-image-1MB.png,"Lorem ipsum dolor sit amet, consectetur adipiscing elit.Morbi accumsan mollis felis id hendrerit.Aenean hendrerit placerat fermentum.Vivamus vel risus euismod, dapibus erat eu, laoreet leo.Vivamus at ipsum a nisi commodo suscipit eu eget neque.Nunc fringilla sagittis blandit.Nunc tincidunt nisl ullamcorper scelerisque accumsan.Phasellus eu arcu ac dolor malesuada imperdiet.Quisque hendrerit tellus nisl, ut mattis tellus pharetra quis.Aliquam ut purus eget sem pulvinar rhoncus eu vitae ex.Sed aliquet leo ut leo facilisis, nec faucibus odio faucibus.Nam vitae augue in lectus venenatis sollicitudin id in velit.",966395,,,
log_gen,Sample-png-image-1MB.png,966395,966395,1.3729794025421143,0.7951028347015381,S
log_gen,Sample-png-image-1MB.png,966395,966395,1.1422033309936523,0.7029411792755127,Sekret
log_gen,Sample-png-image-1MB.png,"Bardzo, bardzo duzy sekret. Na prawde dlugi. Dluzszy niz poprzednie.. na pewno",966395,,,
log_gen,Sample-png-image-1MB.png,"Lorem ipsum dolor sit amet, consectetur adipiscing elit.Morbi accumsan mollis felis id hendrerit.Aenean hendrerit placerat fermentum.Vivamus vel risus euismod, dapibus erat eu, laoreet leo.Vivamus at ipsum a nisi commodo suscipit eu eget neque.Nunc fringilla sagittis blandit.Nunc tincidunt nisl ullamcorper scelerisque accumsan.Phasellus eu arcu ac dolor malesuada imperdiet.Quisque hendrerit tellus nisl, ut mattis tellus pharetra quis.Aliquam ut purus eget sem pulvinar rhoncus eu vitae ex.Sed aliquet leo ut leo facilisis, nec faucibus odio faucibus.Nam vitae augue in lectus venenatis sollicitudin id in velit.",966395,,,
fibonacci,Sample-png-image-10MB.png,10166859,10166860,6.758756637573242,1.1235077381134033,S
fibonacci,Sample-png-image-10MB.png,10166859,10166862,7.077084302902222,1.2406811714172363,Sekret
fibonacci,Sample-png-image-10MB.png,"Bardzo, bardzo duzy sekret. Na prawde dlugi. Dluzszy niz poprzednie.. na pewno",10166859,,,
fibonacci,Sample-png-image-10MB.png,"Lorem ipsum dolor sit amet, consectetur adipiscing elit.Morbi accumsan mollis felis id hendrerit.Aenean hendrerit placerat fermentum.Vivamus vel risus euismod, dapibus erat eu, laoreet leo.Vivamus at ipsum a nisi commodo suscipit eu eget neque.Nunc fringilla sagittis blandit.Nunc tincidunt nisl ullamcorper scelerisque accumsan.Phasellus eu arcu ac dolor malesuada imperdiet.Quisque hendrerit tellus nisl, ut mattis tellus pharetra quis.Aliquam ut purus eget sem pulvinar rhoncus eu vitae ex.Sed aliquet leo ut leo facilisis, nec faucibus odio faucibus.Nam vitae augue in lectus venenatis sollicitudin id in velit.",10166859,,,
eratosthenes,Sample-png-image-10MB.png,10166859,10166868,7.208594083786011,1.1019508838653564,S
eratosthenes,Sample-png-image-10MB.png,10166859,10166857,6.733769416809082,1.1642999649047852,Sekret
eratosthenes,Sample-png-image-10MB.png,10166859,10167045,7.143426179885864,1.2238023281097412,"Bardzo, bardzo duzy sekret. Na prawde dlugi. Dluzszy niz poprzednie.. na pewno"
eratosthenes,Sample-png-image-10MB.png,10166859,10167677,7.056690216064453,1.2154314517974854,"Lorem ipsum dolor sit amet, consectetur adipiscing elit.Morbi accumsan mollis felis id hendrerit.Aenean hendrerit placerat fermentum.Vivamus vel risus euismod, dapibus erat eu, laoreet leo.Vivamus at ipsum a nisi commodo suscipit eu eget neque.Nunc fringilla sagittis blandit.Nunc tincidunt nisl ullamcorper scelerisque accumsan.Phasellus eu arcu ac dolor malesuada imperdiet.Quisque hendrerit tellus nisl, ut mattis tellus pharetra quis.Aliquam ut purus eget sem pulvinar rhoncus eu vitae ex.Sed aliquet leo ut leo facilisis, nec faucibus odio faucibus.Nam vitae augue in lectus venenatis sollicitudin id in velit."
identity,Sample-png-image-10MB.png,10166859,10166860,6.720703363418579,1.1328203678131104,S
identity,Sample-png-image-10MB.png,10166859,10166845,6.973212003707886,1.1871528625488281,Sekret
identity,Sample-png-image-10MB.png,10166859,10166957,7.019658088684082,1.2538666725158691,"Bardzo, bardzo duzy sekret. Na prawde dlugi. Dluzszy niz poprzednie.. na pewno"
identity,Sample-png-image-10MB.png,10166859,10167604,7.13565468788147,1.2324278354644775,"Lorem ipsum dolor sit amet, consectetur adipiscing elit.Morbi accumsan mollis felis id hendrerit.Aenean hendrerit placerat fermentum.Vivamus vel risus euismod, dapibus erat eu, laoreet leo.Vivamus at ipsum a nisi commodo suscipit eu eget neque.Nunc fringilla sagittis blandit.Nunc tincidunt nisl ullamcorper scelerisque accumsan.Phasellus eu arcu ac dolor malesuada imperdiet.Quisque hendrerit tellus nisl, ut mattis tellus pharetra quis.Aliquam ut purus eget sem pulvinar rhoncus eu vitae ex.Sed aliquet leo ut leo facilisis, nec faucibus odio faucibus.Nam vitae augue in lectus venenatis sollicitudin id in velit."
triangular_numbers,Sample-png-image-10MB.png,10166859,10166857,6.80344295501709,1.1592743396759033,S
triangular_numbers,Sample-png-image-10MB.png,10166859,10166873,6.683510780334473,1.1759138107299805,Sekret
triangular_numbers,Sample-png-image-10MB.png,10166859,10167010,7.03071665763855,1.1710407733917236,"Bardzo, bardzo duzy sekret. Na prawde dlugi. Dluzszy niz poprzednie.. na pewno"
triangular_numbers,Sample-png-image-10MB.png,10166859,10167955,6.805234909057617,1.042959213256836,"Lorem ipsum dolor sit amet, consectetur adipiscing elit.Morbi accumsan mollis felis id hendrerit.Aenean hendrerit placerat fermentum.Vivamus vel risus euismod, dapibus erat eu, laoreet leo.Vivamus at ipsum a nisi commodo suscipit eu eget neque.Nunc fringilla sagittis blandit.Nunc tincidunt nisl ullamcorper scelerisque accumsan.Phasellus eu arcu ac dolor malesuada imperdiet.Quisque hendrerit tellus nisl, ut mattis tellus pharetra quis.Aliquam ut purus eget sem pulvinar rhoncus eu vitae ex.Sed aliquet leo ut leo facilisis, nec faucibus odio faucibus.Nam vitae augue in lectus venenatis sollicitudin id in velit."
composite,Sample-png-image-10MB.png,10166859,10166844,6.633435487747192,1.207658052444458,S
composite,Sample-png-image-10MB.png,10166859,10166838,6.823314428329468,1.29482102394104,Sekret
composite,Sample-png-image-10MB.png,10166859,10166939,6.738573789596558,1.1874706745147705,"Bardzo, bardzo duzy sekret. Na prawde dlugi. Dluzszy niz poprzednie.. na pewno"
composite,Sample-png-image-10MB.png,10166859,10167641,6.9493279457092285,1.1807522773742676,"Lorem ipsum dolor sit amet, consectetur adipiscing elit.Morbi accumsan mollis felis id hendrerit.Aenean hendrerit placerat fermentum.Vivamus vel risus euismod, dapibus erat eu, laoreet leo.Vivamus at ipsum a nisi commodo suscipit eu eget neque.Nunc fringilla sagittis blandit.Nunc tincidunt nisl ullamcorper scelerisque accumsan.Phasellus eu arcu ac dolor malesuada imperdiet.Quisque hendrerit tellus nisl, ut mattis tellus pharetra quis.Aliquam ut purus eget sem pulvinar rhoncus eu vitae ex.Sed aliquet leo ut leo facilisis, nec faucibus odio faucibus.Nam vitae augue in lectus venenatis sollicitudin id in velit."
carmichael,Sample-png-image-10MB.png,10166859,10166863,7.002853631973267,1.1727931499481201,S
carmichael,Sample-png-image-10MB.png,10166859,10166871,10.070684432983398,3.9463627338409424,Sekret
carmichael,Sample-png-image-10MB.png,"Bardzo, bardzo duzy sekret. Na prawde dlugi. Dluzszy niz poprzednie.. na pewno",10166859,,,
carmichael,Sample-png-image-10MB.png,"Lorem ipsum dolor sit amet, consectetur adipiscing elit.Morbi accumsan mollis felis id hendrerit.Aenean hendrerit placerat fermentum.Vivamus vel risus euismod, dapibus erat eu, laoreet leo.Vivamus at ipsum a nisi commodo suscipit eu eget neque.Nunc fringilla sagittis blandit.Nunc tincidunt nisl ullamcorper scelerisque accumsan.Phasellus eu arcu ac dolor malesuada imperdiet.Quisque hendrerit tellus nisl, ut mattis tellus pharetra quis.Aliquam ut purus eget sem pulvinar rhoncus eu vitae ex.Sed aliquet leo ut leo facilisis, nec faucibus odio faucibus.Nam vitae augue in lectus venenatis sollicitudin id in velit.",10166859,,,
log_gen,Sample-png-image-10MB.png,10166859,10166847,6.55521821975708,1.1442697048187256,S
log_gen,Sample-png-image-10MB.png,10166859,10166869,6.742791652679443,1.0618853569030762,Sekret
log_gen,Sample-png-image-10MB.png,"Bardzo, bardzo duzy sekret. Na prawde dlugi. Dluzszy niz poprzednie.. na pewno",10166859,,,
log_gen,Sample-png-image-10MB.png,"Lorem ipsum dolor sit amet, consectetur adipiscing elit.Morbi accumsan mollis felis id hendrerit.Aenean hendrerit placerat fermentum.Vivamus vel risus euismod, dapibus erat eu, laoreet leo.Vivamus at ipsum a nisi commodo suscipit eu eget neque.Nunc fringilla sagittis blandit.Nunc tincidunt nisl ullamcorper scelerisque accumsan.Phasellus eu arcu ac dolor malesuada imperdiet.Quisque hendrerit tellus nisl, ut mattis tellus pharetra quis.Aliquam ut purus eget sem pulvinar rhoncus eu vitae ex.Sed aliquet leo ut leo facilisis, nec faucibus odio faucibus.Nam vitae augue in lectus venenatis sollicitudin id in velit.",10166859,,,
